ID,Label,Genres,Followers,Related Artist
0,*NSYNC,"['boy band', 'dance pop', 'pop', 'post-teen pop']",1603363,
1,13 Organisé,"['french hip hop', 'pop urbaine']",138778,
2,187 Strassenbande,"['german hip hop', 'hamburg hip hop']",1241344,"RAF Camora, KC Rebell, Gzuz"
3,21 Savage,"['atl hip hop', 'hip hop', 'rap', 'trap']",10175028,"Trippie Redd, Migos, Don Toliver, Lil Yachty, Gunna, Lil Baby, Baby Keem, NAV, Playboi Carti"
4,24kGoldn,"['cali rap', 'pop rap']",1377804,"Internet Money, TOKYO’S REVENGE, benny blanco, Lil Tecca, Juice WRLD, Lil Mosey, iann dior, Arizona Zervas, jxdn, Tyla Yaweh"
5,347aidan,"['sad lo-fi', 'sad rap']",236481,
6,5 Seconds of Summer,"['boy band', 'dance pop', 'electropop', 'pop', 'post-teen pop']",7890539,"One Direction, Jonas Brothers, ZAYN, Niall Horan, Madison Beer, Liam Payne"
7,6ix9ine,"['emo rap', 'rap']",6545366,"Roddy Ricch, YNW Melly, NAV, Lil Mosey"
8,A Boogie Wit da Hoodie,"['melodic rap', 'rap', 'trap']",5976377,"Trippie Redd, Lil Tjay, Lil Yachty, Lil Mosey, YNW Melly, NAV"
9,A$AP Ferg,"['hip hop', 'pop rap', 'rap', 'southern hip hop', 'trap', 'underground hip hop']",3095999,Migos
10,AC/DC,"['australian rock', 'hard rock', 'rock']",20778582,
11,AK AUSSERKONTROLLE,['german hip hop'],706677,
12,ATB,"['german dance', 'german techno', 'german trance', 'trance']",300781,
13,AURORA,"['art pop', 'norwegian pop']",1844570,
14,Adele,"['british soul', 'pop', 'pop soul', 'uk pop']",29134957,"Miley Cyrus, Meghan Trainor, Sam Smith, P!nk, Ellie Goulding, Kelly Clarkson, Leona Lewis, Sia"
15,Agust D,['k-rap'],6038181,TOMORROW X TOGETHER
16,Alan Walker,['electro house'],30515652,"Sam Feldt, The Chainsmokers"
17,Alec Benjamin,"['alt z', 'dream smp', 'electropop', 'pop']",2953479,"Tate McRae, Dean Lewis, Alexander 23, Bea Miller"
18,Alex Rose,"['latin', 'reggaeton', 'reggaeton flow', 'trap latino']",2290748,"Myke Towers, Lunay, Rvssian, Jhay Cortez, Kevin Roldan"
19,Alexander 23,"['alt z', 'pop']",222488,"JP Saxe, Sara Kays"
20,Ali Gatie,"['canadian hip hop', 'pop']",1782799,"benny blanco, Tate McRae, Trevor Daniel, Kina"
21,Alida,['norwegian pop'],17068,Robin Schulz
22,Alok,"['electro house', 'pop nacional', 'slap house']",10569336,PEDRO SAMPAIO
23,Andy Williams,"['adult standards', 'brill building pop', 'easy listening', 'lounge', 'mellow gold', 'vocal jazz']",380035,"Brenda Lee, Perry Como"
24,Anitta,"['funk carioca', 'funk pop', 'pagode baiano', 'pop nacional']",10828270,Luísa Sonza
25,Anne-Marie,"['dance pop', 'pop', 'pop dance', 'post-teen pop', 'tropical house', 'uk pop']",8449283,"Bebe Rexha, Mabel, Niall Horan, Ellie Goulding, Liam Payne"
26,Ant Saunders,"['chill r&b', 'pop']",83242,"Peach Tree Rascals, MAX, Alexander 23"
27,Anuel AA,"['latin', 'reggaeton', 'reggaeton flow', 'trap boricua', 'trap latino']",18945557,"Nio Garcia, Myke Towers, Lunay, Rvssian, Jhay Cortez, Bad Bunny, Tainy"
28,Apache 207,['german hip hop'],1728140,"KC Rebell, Bausa"
29,Arcangel,"['latin', 'latin hip hop', 'reggaeton', 'trap latino']",6881294,"Jowell & Randy, Nicky Jam, Yandel, Wisin, Farruko"
30,Arctic Monkeys,"['garage rock', 'permanent wave', 'rock', 'sheffield indie']",12709531,
31,Ariana Grande,"['dance pop', 'pop']",69656977,"Little Mix, Bebe Rexha, Miley Cyrus, Normani, ZAYN, Halsey, Madison Beer, Camila Cabello, Selena Gomez, Demi Lovato, Bea Miller"
32,Arizona Zervas,"['pop rap', 'rhode island rap']",631025,Trevor Daniel
33,Ashe,"['alt z', 'electropop', 'indie pop', 'pop']",710642,"Tate McRae, Sara Kays, Conan Gray, Bea Miller"
34,Ashnikko,"['alt z', 'electropop', 'escape room', 'pop']",1369055,BIA
35,Ava Max,"['dance pop', 'pop']",4212713,"Bebe Rexha, Mabel, Clean Bandit, Anne-Marie, Sabrina Carpenter, Madison Beer, Ellie Goulding, Camila Cabello"
36,Avicii,"['dance pop', 'edm', 'pop', 'pop dance']",20644773,"Galantis, Martin Garrix"
37,Aya Nakamura,"['basshall', 'francoton']",3088830,Vegedream
38,BANDIDO,['concurso de talentos argentino'],26056,
39,BANNERS,"['indie poptimism', 'modern rock', 'pop', 'pop rock']",433495,Dean Lewis
40,BENEE,"['alt z', 'nz pop', 'pop']",646786,Peach Tree Rascals
41,BIA,"['escape room', 'r&b', 'rap latina', 'trap queen']",184479,
42,BLACKPINK,"['k-pop', 'k-pop girl group']",25172087,"ROSÉ, Red Velvet, TWICE, K/DA"
43,BLANCO,"['electropop', 'pop', 'pop rap']",824734,"Bazzi, Internet Money, Arizona Zervas, Trevor Daniel"
44,BROCKHAMPTON,"['boy band', 'hip hop', 'rap']",1862544,
45,BTS,"['k-pop', 'k-pop boy group']",39355301,"Agust D, TOMORROW X TOGETHER"
46,Baby Keem,"['hip hop', 'rap', 'trap']",455087,Cordae
47,Bad Bunny,"['latin', 'reggaeton', 'trap latino']",38011613,"Alex Rose, Nio Garcia, Myke Towers, Lunay, Rvssian, KAROL G, Anuel AA, Kevin Roldan, Rauw Alejandro, Jhay Cortez, Ozuna, Tainy"
48,Band Aid,['musical advocacy'],20066,"Bobby Helms, Wham!"
49,Banda MS de Sergio Lizárraga,"['banda', 'corrido', 'norteno', 'regional mexican']",12629261,
50,Barbara Pravi,"['eurovision', 'nouvelle chanson francaise']",83726,
51,Bas,"['metropopolis', 'modern rock', 'pop', 'pop rock', 'tropical house']",4832673,"Tom Grennan, BANNERS"
52,Bausa,"['german hip hop', 'german pop']",969246,"Zuna, Bonez MC, Dardan, KitschKrieg, KC Rebell"
53,Bazzi,"['dance pop', 'electropop', 'pop']",4550364,"MAX, ZAYN, benny blanco, Madison Beer, Khalid, Lauv, Bea Miller"
54,Bea Miller,"['alt z', 'dance pop', 'electropop', 'indie poptimism', 'modern rock', 'pop', 'post-teen pop', 'talent show']",2454538,Madison Beer
55,Beach Bunny,"['bubblegrunge', 'chicago indie', 'indie pop', 'pop']",666902,Wallows
56,Bebe Rexha,"['dance pop', 'pop', 'post-teen pop']",6696850,"Mabel, Anne-Marie, Halsey, Madison Beer, Ellie Goulding, Camila Cabello, Demi Lovato, Bea Miller"
57,Becky G,"['dance pop', 'latin', 'latin pop', 'latin viral pop', 'pop', 'rap latina', 'reggaeton', 'trap latino']",10549437,"Lele Pons, Lunay, KAROL G, Natti Natasha, Tainy"
58,Bella Poarch,[],554556,
59,Belly,"['canadian hip hop', 'canadian trap', 'pop rap', 'rap', 'southern hip hop', 'trap', 'trap soul']",213660,"Meek Mill, French Montana, The Weeknd, Travis Scott"
60,Beyoncé,"['dance pop', 'pop', 'r&b']",28979733,"Kehlani, Normani"
61,Big Red Machine,"['eau claire indie', 'folktronica', 'indie pop']",114465,
62,Big Sean,"['detroit hip hop', 'hip hop', 'pop', 'pop rap', 'rap', 'southern hip hop', 'trap']",8813312,"Meek Mill, French Montana, Bas, Ty Dolla $ign"
63,Billie Eilish,"['electropop', 'pop']",49661223,"Tate McRae, Lorde, Ashe, Bazzi, MARINA, Melanie Martinez, Halsey, Madison Beer, The Neighbourhood, Harry Styles, Conan Gray, Bea Miller"
64,Bing Crosby,"['adult standards', 'easy listening', 'lounge', 'swing']",364245,"Andy Williams, Perry Como, Burl Ives"
65,Bizarrap,"['argentine hip hop', 'pop venezolano', 'trap argentino', 'trap latino']",3523497,"KHEA, Trueno"
66,Black Eyed Peas,"['dance pop', 'pop', 'pop rap']",6109688,"Justin Timberlake, Gwen Stefani, Jason Derulo, Nelly Furtado, Britney Spears"
67,Blind Channel,"['eurovision', 'oulu metal', 'trancecore']",130314,
68,Blxst,[],196373,"K CAMP, Vedo"
69,Bo Burnham,['comic'],1175507,Dream
70,Bobby Helms,[],20883,"Brenda Lee, Darlene Love, Perry Como, Burl Ives"
71,Bonez MC,"['german hip hop', 'hamburg hip hop']",1710401,"Zuna, Gzuz, Bausa, Dardan, RAF Camora, 187 Strassenbande, KC Rebell"
72,Booba,"['francoton', 'french hip hop', 'old school rap francais', 'pop urbaine', 'rap conscient']",2230120,
73,Boomdabash,"['italian adult pop', 'italian pop', 'italian reggae']",557205,Fedez
74,Bosh,[],245,
75,Boza,['reggaeton'],319996,
76,Brenda Lee,"['adult standards', 'brill building pop', 'easy listening', 'lounge', 'rockabilly', 'vocal jazz']",230079,"Andy Williams, Perry Como"
77,Brent Faiyaz,"['dmv rap', 'pop', 'r&b', 'rap']",1815829,"H.E.R., PARTYNEXTDOOR, Bryson Tiller"
78,Brett Eldredge,"['contemporary country', 'country', 'country road', 'modern country rock']",1314421,Walker Hayes
79,Bring Me The Horizon,"['melodic metalcore', 'metalcore', 'rock', 'uk metalcore']",4023393,
80,Britney Spears,"['dance pop', 'pop', 'post-teen pop']",9746519,"Miley Cyrus, Kylie Minogue, Kelly Clarkson, Gwen Stefani, Nelly Furtado"
81,Bruce Springsteen,"['classic rock', 'heartland rock', 'mellow gold', 'permanent wave', 'rock', 'singer-songwriter']",4347910,
82,Bruno Mars,"['dance pop', 'pop']",34089732,"One Direction, Meghan Trainor, Katy Perry, ZAYN, Justin Timberlake, Jason Derulo, Jason Mraz"
83,Bryson Tiller,"['kentucky hip hop', 'pop', 'pop rap', 'r&b', 'rap', 'trap']",5121542,"Jhené Aiko, Brent Faiyaz, PARTYNEXTDOOR"
84,Burl Ives,"['adult standards', 'american folk revival']",59522,Perry Como
85,BØRNS,"['modern alternative rock', 'modern rock', 'pop']",1039077,
86,C. Tangana,['urbano espanol'],1541998,Marc Seguí
87,CJ,['nyc rap'],190295,DDG
88,CORPSE,"['dream smp', 'viral rap']",1896748,Dream
89,Cali Y El Dandee,"['champeta', 'colombian pop', 'electro latino', 'latin', 'latin pop', 'reggaeton', 'reggaeton colombiano', 'trap latino']",3227829,Piso 21
90,Calvin Harris,"['dance pop', 'edm', 'electro house', 'house', 'pop', 'pop rap', 'progressive house', 'uk dance']",22161803,"Major Lazer, Kygo, Galantis, The Chainsmokers"
91,Camila Cabello,"['dance pop', 'pop', 'post-teen pop']",23525145,"Meghan Trainor, ZAYN, Niall Horan, Shawn Mendes, Madison Beer, Selena Gomez, Liam Payne, Demi Lovato, Bazzi, Normani"
92,Camilo,"['colombian pop', 'reggaeton colombiano']",11534629,"Manuel Turizo, Reik, KAROL G, Piso 21, Sebastian Yatra, TINI, Natti Natasha, Cali Y El Dandee"
93,Capital Bra,['german hip hop'],4132330,"Samra, Miksu / Macloud, Zuna, AK AUSSERKONTROLLE, Bausa, Dardan, KC Rebell"
94,Cardi B,"['dance pop', 'pop', 'pop rap', 'rap']",18068144,"BIA, Lizzo, Megan Thee Stallion, Nicki Minaj, Saweetie, Normani"
95,Childish Gambino,"['atl hip hop', 'hip hop', 'pop rap', 'rap']",8303952,"BROCKHAMPTON, Kendrick Lamar, Mac Miller, Kid Cudi"
96,Chris Brown,"['dance pop', 'pop', 'pop rap', 'r&b', 'rap']",14388608,Ty Dolla $ign
97,Chris Rea,"['album rock', 'blues rock', 'classic rock', 'mellow gold', 'soft rock', 'sophisti-pop']",664849,
98,Christian Nodal,"['mariachi', 'nuevo regional mexicano', 'ranchera', 'regional mexican']",8705180,Banda MS de Sergio Lizárraga
99,Chuck Berry,"['blues rock', 'classic rock', 'rock', 'rock-and-roll', 'rockabilly', 'soul']",1464272,
100,Clairo,"['bedroom pop', 'indie pop', 'pop']",2827220,
101,Clean Bandit,"['dance pop', 'edm', 'pop', 'pop dance', 'tropical house', 'uk dance', 'uk funky']",4497572,"Ellie Goulding, Anne-Marie, Mabel"
102,Cochise,"['plugg', 'vapor trap', 'viral rap']",188939,
103,Coldplay,"['permanent wave', 'pop']",31979566,"Vance Joy, Tom Odell, Oasis, Kygo, Maroon 5, Hozier, OneRepublic, The Killers"
104,Conan Gray,"['bedroom pop', 'electropop', 'indie pop', 'pop']",4066357,"Ashe, Clairo, Wallows, Beach Bunny"
105,Conkarah,['jawaiian'],67471,
106,Cordae,"['dmv rap', 'hip hop', 'rap', 'trap', 'underground hip hop', 'vapor trap']",1525155,
107,Crissin,[],7195,
108,Curtis Waters,[],70041,"ElyOtto, Peach Tree Rascals"
109,DDG,"['rap', 'trap']",538841,"Cordae, Lil Yachty"
110,DJ Ivis,['piseiro'],389338,
111,DJ Khaled,"['hip hop', 'miami hip hop', 'pop', 'pop rap', 'rap', 'southern hip hop', 'trap']",6427995,"Lil Wayne, Ty Dolla $ign, French Montana, Meek Mill, Big Sean"
112,DJ Snake,"['dance pop', 'edm', 'electronic trap', 'pop', 'pop dance', 'pop rap']",7462663,Major Lazer
113,DMX,"['east coast hip hop', 'gangster rap', 'hardcore hip hop', 'hip hop', 'pop rap', 'rap']",2839404,
114,DaBaby,"['north carolina hip hop', 'rap']",8063132,"Roddy Ricch, NLE Choppa, Cordae, Gunna, Internet Money, Lil Tecca, Lil Mosey, YNW Melly, NAV"
115,Daddy Yankee,"['latin', 'latin hip hop', 'reggaeton', 'trap latino']",24456517,"Jowell & Randy, Arcangel, Nicky Jam, Yandel, Wisin, Farruko"
116,Dadá Boladão,"['brega funk', 'funk carioca']",211684,
117,Dalex,"['latin', 'r&b en espanol', 'reggaeton', 'trap latino']",3697676,"Alex Rose, Nio Garcia, Myke Towers, Lunay, Rvssian, Anuel AA, Jhay Cortez, Kevin Roldan"
118,Damso,"['belgian hip hop', 'french hip hop', 'pop urbaine', 'rap belge', 'rap conscient']",3170971,"Gradur, Maes, Ninho"
119,Dan + Shay,"['contemporary country', 'country', 'pop']",2408625,"Luke Combs, Kane Brown, Morgan Wallen"
120,Dardan,[],279,
121,Darlene Love,['brill building pop'],39786,The Ronettes
122,Daryl Hall & John Oates,"['album rock', 'classic rock', 'mellow gold', 'rock', 'soft rock', 'yacht rock']",1596491,
123,Dave,"['jam band', 'neo mellow', 'pop rock']",1598864,
124,Daði Freyr,"['icelandic pop', 'sunnlensk tonlist']",173660,
125,Dean Lewis,"['australian pop', 'pop', 'pop rock']",1738417,"JP Saxe, Lewis Capaldi, Alec Benjamin, BANNERS"
126,Dean Martin,"['adult standards', 'easy listening', 'lounge', 'vocal jazz']",1166651,"Andy Williams, Nat King Cole, Perry Como, Bing Crosby"
127,Demi Lovato,"['dance pop', 'pop', 'post-teen pop']",20704156,"Miley Cyrus, Meghan Trainor, Jonas Brothers, Sabrina Carpenter, Madison Beer, Camila Cabello, Selena Gomez"
128,Diego & Victor Hugo,"['sertanejo pop', 'sertanejo universitario']",1661468,Henrique & Juliano
129,Dj Guuga,"['funk carioca', 'funk paulista', 'rave funk']",649767,Niack
130,Doja Cat,"['dance pop', 'pop']",10405402,"Kali Uchis, SZA, H.E.R., Nicki Minaj, Kehlani, WILLOW, Normani"
131,Dominic Fike,"['alternative pop rock', 'pop']",564730,Peach Tree Rascals
132,Don Toliver,"['pop', 'rap', 'trap']",1707950,"Gunna, Baby Keem, 21 Savage, NAV, Playboi Carti"
133,Donny Hathaway,"['chicago soul', 'classic soul', 'funk', 'motown', 'neo soul', 'quiet storm', 'soul', 'southern soul']",435437,
134,Drake,"['canadian hip hop', 'canadian pop', 'hip hop', 'rap', 'toronto rap']",57538724,"Lil Wayne, Ty Dolla $ign, PARTYNEXTDOOR, Migos, J. Cole, NAV, French Montana, DJ Khaled, Bryson Tiller, Kendrick Lamar, Meek Mill, Tory Lanez, Future, Big Sean"
135,Dream,"['hip hop', 'rap', 'underground hip hop']",370400,"Cordae, Bas"
136,DripReport,['viral rap'],93881,
137,Dua Lipa,"['dance pop', 'pop', 'uk pop']",28535676,"Miley Cyrus, Mabel, Anne-Marie, ZAYN, Halsey, Madison Beer, Ellie Goulding, Sia, Camila Cabello, Selena Gomez, Demi Lovato, Ava Max"
138,Duncan Laurence,['dutch pop'],327444,"Dean Lewis, Sam Fischer, Zoe Wees, Sara Kays, BANNERS"
139,Dímelo Flow,"['latin', 'reggaeton', 'reggaeton flow', 'trap latino']",238222,"Milly, Rich Music LTD, Rvssian, Jerry Di"
140,Eagles,"['album rock', 'classic rock', 'country rock', 'folk rock', 'heartland rock', 'mellow gold', 'rock', 'soft rock', 'yacht rock']",7142284,
141,Earth,"['disco', 'funk', 'jazz funk', 'motown', 'quiet storm', 'soul']",3123389,
142,Eartha Kitt,"['adult standards', 'lounge', 'torch song', 'vocal jazz']",129537,
143,Ed Sheeran,"['pop', 'uk pop']",85646784,"Lewis Capaldi, Meghan Trainor, Sam Smith, Niall Horan, ZAYN, Shawn Mendes, James Arthur, Justin Bieber, Camila Cabello, Liam Payne"
144,El Alfa,"['dembow', 'latin', 'rap dominicano', 'reggaeton', 'trap latino']",1853033,Rvssian
145,Ellie Goulding,"['dance pop', 'edm', 'electropop', 'indietronica', 'metropopolis', 'pop', 'uk pop']",9963590,"Bebe Rexha, Mabel, Clean Bandit, Anne-Marie, Camila Cabello, Bea Miller"
146,Elton John,"['glam rock', 'mellow gold', 'piano rock']",7848573,"Daryl Hall & John Oates, Eagles"
147,Elvis Presley,"['rock-and-roll', 'rockabilly']",5871125,Chuck Berry
148,ElyOtto,['weirdcore'],91466,
149,Emilia,['cumbia pop'],255337,"Migrantes, MYA, Rusherking"
150,Eminem,"['detroit hip hop', 'hip hop', 'rap']",48048529,"DMX, Joyner Lucas"
151,Erica Banks,['trap queen'],46462,
152,Farruko,"['latin', 'reggaeton', 'trap latino']",10943435,"Jowell & Randy, Nicky Jam, Arcangel, Yandel, Wisin"
153,Fedez,"['italian adult pop', 'italian pop']",1676642,
154,Feid,"['colombian pop', 'latin', 'pop reggaeton', 'reggaeton', 'reggaeton colombiano', 'trap latino']",699295,"Alex Rose, Manuel Turizo, Rvssian, Jerry Di, Kevin Roldan, Tainy, Dímelo Flow, Lunay"
155,Fleetwood Mac,"['album rock', 'classic rock', 'mellow gold', 'rock', 'soft rock', 'yacht rock']",7190050,"Daryl Hall & John Oates, Eagles"
156,Fousheé,['indie r&b'],126471,
157,Francesca Michielin,"['italian adult pop', 'italian indie pop', 'italian pop', 'italian pop rock']",581971,
158,Frank Sinatra,"['adult standards', 'easy listening', 'lounge']",5068565,"Nat King Cole, Perry Como, Andy Williams, Tony Bennett, Bing Crosby, Dean Martin"
159,French Montana,"['gangster rap', 'hip hop', 'pop', 'pop rap', 'rap', 'southern hip hop', 'trap']",4112326,Meek Mill
160,Future,"['atl hip hop', 'pop rap', 'rap', 'southern hip hop', 'trap']",10665633,"Gunna, Lil Yachty, French Montana, 21 Savage, Meek Mill, NAV"
161,G Herbo,"['chicago drill', 'chicago rap', 'drill', 'rap', 'southern hip hop', 'trap']",1288087,Pooh Shiesty
162,G-Eazy,"['hip hop', 'indie pop rap', 'oakland hip hop', 'pop', 'pop rap', 'rap']",4930736,"Joyner Lucas, Logic, French Montana, Ty Dolla $ign, Tyla Yaweh"
163,Galantis,"['dance pop', 'edm', 'electro house', 'pop', 'pop dance', 'tropical house']",3142335,Sam Feldt
164,Gambi,"['atl hip hop', 'hip hop', 'pop rap', 'rap']",8303952,"BROCKHAMPTON, Kendrick Lamar, Mac Miller, Kid Cudi"
165,Gera MX,"['mexican hip hop', 'rap conciencia']",2267586,
166,Giveon,"['pop', 'r&b']",1594428,"Brent Faiyaz, PARTYNEXTDOOR, Bryson Tiller"
167,Gjon's Tears,[],33296,"Daði Freyr, Barbara Pravi, Go_A"
168,Glass Animals,"['gauze pop', 'indietronica', 'shiver pop']",2035019,
169,Go_A,['eurovision'],116467,"Daði Freyr, Gjon's Tears"
170,Gotye,['australian pop'],2271473,
171,Gradur,"['francoton', 'french hip hop', 'pop urbaine', 'rap francais']",1425574,"Maes, Ninho"
172,Gunna,"['atl hip hop', 'hip hop', 'melodic rap', 'rap', 'trap']",3486655,"Roddy Ricch, Don Toliver, Lil Baby, Lil Uzi Vert, 21 Savage, NAV"
173,Gusttavo Lima,"['sertanejo', 'sertanejo universitario']",13511271,"Luan Santana, Jorge & Mateus"
174,Gwen Stefani,"['dance pop', 'hip pop', 'pop', 'post-teen pop', 'urban contemporary']",4910679,"Nelly Furtado, Britney Spears, Kylie Minogue"
175,Gym Class Heroes,"['dance pop', 'pop rap']",1293785,Panic! At The Disco
176,Gzuz,"['deep german hip hop', 'german hip hop', 'hamburg hip hop']",1152871,"Bonez MC, KC Rebell, 187 Strassenbande, KALIM"
177,H.E.R.,"['alternative r&b', 'dance pop', 'pop', 'r&b']",4326781,"Normani, Kehlani, SZA, Brent Faiyaz"
178,HVME,['slap house'],44338,
179,Halsey,"['dance pop', 'electropop', 'etherpop', 'indie poptimism', 'pop']",16089316,"Lorde, Melanie Martinez, Madison Beer, Ellie Goulding, Camila Cabello, Selena Gomez, Demi Lovato, Bea Miller"
180,Harry Nach,"['trap chileno', 'trap latino']",143378,
181,Harry Styles,['pop'],16929807,"One Direction, Lorde, Jonas Brothers, Niall Horan, ZAYN, Shawn Mendes, Halsey, Liam Payne, 5 Seconds of Summer, Conan Gray, The 1975"
182,Headie One,['uk hip hop'],343632,
183,Henrique & Juliano,['sertanejo universitario'],13525819,"Jonas Esticado, Israel & Rodolffo, Diego & Victor Hugo"
184,Hippie Sabotage,"['edm', 'electronic trap']",725941,
185,Hozier,"['irish singer-songwriter', 'modern rock', 'pop']",4862511,"BØRNS, Vance Joy"
186,Hugo & Guilherme,['sertanejo pop'],484134,
187,ITZY,['k-pop girl group'],2665284,
188,IU,['k-pop'],5452498,
189,Idina Menzel,"['hollywood', 'show tunes']",360791,
190,Imagine Dragons,"['modern rock', 'pop', 'rock']",36043809,"OneRepublic, Twenty One Pilots, BANNERS"
191,Ingratax,['concurso de talentos argentino'],106001,"Boza, Nio Garcia, Manuel Turizo, Sech, Mora, Justin Quiles, Cali Y El Dandee, MYA, Jay Wheeler, Rusherking"
192,Internet Money,"['rap', 'trap']",462914,"Don Toliver, Gunna, NAV, DDG, Lil Tecca, Lil Mosey, iann dior, Tyla Yaweh"
193,Israel & Rodolffo,"['sertanejo', 'sertanejo pop', 'sertanejo universitario']",1193957,"Diego & Victor Hugo, Henrique & Juliano"
194,J Balvin,"['latin', 'reggaeton', 'reggaeton colombiano', 'trap latino']",30006178,"Jowell & Randy, Maluma, Arcangel, Nicky Jam, Yandel, Manuel Turizo, Wisin, Piso 21, Farruko, Justin Quiles, Cali Y El Dandee, Ozuna"
195,J. Cole,"['conscious hip hop', 'hip hop', 'north carolina hip hop', 'rap']",14573804,"Baby Keem, Kid Cudi, Kendrick Lamar, Meek Mill, Big Sean"
196,JACKBOYS,"['rap', 'trap']",449405,"Don Toliver, Lil Yachty, Gunna, NAV"
197,JP Saxe,"['alt z', 'canadian contemporary r&b', 'electropop', 'pop', 'pop rock']",293816,"Sam Fischer, Alexander 23"
198,Jack Harlow,"['deep underground hip hop', 'kentucky hip hop', 'pop rap', 'rap']",1192888,"Mustard, Cordae, Lil Yachty, DDG, Lil Uzi Vert, Ty Dolla $ign, Tory Lanez, Tyla Yaweh"
199,James Arthur,"['pop', 'talent show', 'uk pop']",8683038,"JP Saxe, Dean Lewis, Lewis Capaldi, Niall Horan"
200,Jamie Miller,['pop soul'],104949,
201,Jason Derulo,"['dance pop', 'pop', 'pop rap', 'post-teen pop']",10081952,
202,Jason Mraz,"['acoustic pop', 'neo mellow', 'pop', 'pop rock']",6261764,John Mayer
203,Jawsh 685,['nz pop'],102351,"Sam Feldt, Tones And I"
204,Jay Wheeler,"['latin', 'reggaeton', 'trap latino']",1901262,"Alex Rose, Milly, Mora, Dímelo Flow, Tainy"
205,Jerry Di,"['cubaton', 'dominican pop', 'pop venezolano', 'reggaeton', 'reggaeton flow', 'trap latino']",158881,
206,Jhay Cortez,"['latin', 'reggaeton', 'trap latino']",2692470,"Alex Rose, Nio Garcia, Myke Towers, Lunay, Rvssian, Anuel AA, Kevin Roldan, Rauw Alejandro, Tainy"
207,Jhené Aiko,"['alternative r&b', 'dance pop', 'pop', 'pop rap', 'r&b', 'urban contemporary']",4853949,Bryson Tiller
208,Joel Corry,"['dance pop', 'pop', 'pop dance', 'tropical house', 'uk dance']",219754,"twocolors, Mabel, Regard, Topic"
209,John Legend,"['neo soul', 'pop', 'pop soul', 'r&b', 'urban contemporary']",5910198,
210,John Lennon,"['album rock', 'art rock', 'beatlesque', 'classic rock', 'folk rock', 'mellow gold', 'rock', 'soft rock']",4417570,"Paul McCartney, The Beach Boys"
211,John Mayer,"['neo mellow', 'pop rock', 'singer-songwriter']",5250947,Jason Mraz
212,Joji,"['alternative r&b', 'pop', 'viral pop']",4929660,"BROCKHAMPTON, Dominic Fike"
213,Joker Bra,['german hip hop'],190616,
214,Jonas Brothers,"['boy band', 'dance pop', 'pop', 'post-teen pop']",5591393,Demi Lovato
215,Jonas Esticado,"['forro', 'sertanejo', 'sertanejo pop', 'sertanejo universitario']",1360114,"Matheus Fernandes, Wesley Safadão"
216,Jorge & Mateus,"['sertanejo', 'sertanejo universitario']",15302226,"Luan Santana, Gusttavo Lima"
217,José Feliciano,"['bolero', 'latin pop', 'puerto rican pop']",247245,
218,Journey,"['album rock', 'classic rock', 'hard rock', 'mellow gold', 'rock', 'soft rock']",3841560,
219,Jowell & Randy,"['latin', 'latin hip hop', 'perreo', 'reggaeton', 'reggaeton flow', 'trap latino']",3007796,
220,Joyner Lucas,"['boston hip hop', 'hip hop', 'pop rap', 'rap']",1758975,Cordae
221,João Gomes,[],807973,"Jonas Esticado, Raí Saia Rodada, Tarcísio do Acordeon, Mari Fernandez, Matheus Fernandes"
222,Juanfran,"['dominican pop', 'pop reggaeton', 'urbano espanol']",119256,Milly
223,Juice WRLD,"['chicago rap', 'melodic rap']",19872480,"Trippie Redd, DaBaby, Don Toliver, Lil Yachty, Lil Tecca, Lil Uzi Vert, Lil Mosey, 6ix9ine, YNW Melly, NAV"
224,Juju,['cumbia sonidera'],13802,
225,Justin Bieber,"['canadian pop', 'pop']",50928824,"Liam Payne, One Direction, Jonas Brothers, ZAYN, Niall Horan, Shawn Mendes, Camila Cabello, Selena Gomez, Khalid, Demi Lovato, Bazzi"
226,Justin Quiles,"['latin', 'reggaeton', 'trap latino']",2987994,"Wisin, Rvssian, Farruko, Kevin Roldan"
227,Justin Timberlake,"['dance pop', 'pop']",11241025,"Gwen Stefani, Nelly Furtado, Black Eyed Peas, *NSYNC"
228,Justin Wellington,"['melanesian pop', 'pacific islands pop', 'png pop']",22262,
229,K CAMP,"['atl hip hop', 'hip hop', 'melodic rap', 'pop r&b', 'pop rap', 'r&b', 'rap', 'southern hip hop', 'trap']",1368571,
230,K/DA,['k-pop girl group'],1321105,"Red Velvet, TWICE, BLACKPINK"
231,KALIM,"['latin', 'latin arena pop', 'latin pop', 'mexican pop', 'rock en espanol']",1528676,
232,KAROL G,"['latin', 'reggaeton', 'reggaeton colombiano', 'trap latino']",18813844,"Nio Garcia, Manuel Turizo, Myke Towers, Rvssian, Anuel AA, Kevin Roldan, Jhay Cortez, Sebastian Yatra, Ozuna, Lunay"
233,KASIMIR1441,"['german alternative rap', 'german hip hop', 'german trap', 'tekk']",202436,
234,KC Rebell,"['german drill', 'german hip hop']",1115696,"Zuna, Bausa, Kontra K, Dardan, RAF Camora"
235,KHEA,"['argentine hip hop', 'trap argentino', 'trap latino', 'trap triste']",3364936,"Bizarrap, Trueno"
236,KSI,['uk hip hop'],2108117,"S1mba, Stormzy, Tion Wayne"
237,Kali Uchis,"['colombian pop', 'pop']",2136847,"SZA, WILLOW"
238,Kane Brown,"['contemporary country', 'country', 'country road']",3615409,"Luke Combs, Morgan Wallen, Dan + Shay"
239,Kanye West,"['chicago rap', 'rap']",15226801,"J. Cole, Baby Keem, Kid Cudi, BROCKHAMPTON, Kendrick Lamar, Meek Mill, Big Sean"
240,Katy Perry,"['dance pop', 'pop', 'pop rap', 'post-teen pop']",19388108,"Miley Cyrus, Gwen Stefani, P!nk, Kelly Clarkson, Selena Gomez, Demi Lovato, Britney Spears"
241,Kawe,['brazilian hip hop'],508909,
242,Kehlani,"['dance pop', 'pop', 'r&b']",5073104,"H.E.R., Normani"
243,Kelly Clarkson,"['dance pop', 'neo mellow', 'pop', 'pop rock', 'post-teen pop', 'talent show']",8034527,Leona Lewis
244,Kendrick Lamar,"['conscious hip hop', 'hip hop', 'rap', 'west coast rap']",18399860,"J. Cole, Childish Gambino, Bas, Big Sean"
245,Kevin Roldan,"['latin', 'latin hip hop', 'reggaeton', 'reggaeton colombiano', 'reggaeton flow', 'trap latino']",4147473,"Alex Rose, Nio Garcia, Myke Towers, Rvssian, Lunay"
246,Khalid,"['pop', 'pop r&b']",14379161,"Dominic Fike, H.E.R., Kehlani, ZAYN, blackbear, benny blanco, Bazzi, Pink Sweat$, Normani"
247,Kid Cudi,"['hip hop', 'ohio hip hop', 'pop rap', 'rap']",5146137,"Childish Gambino, Mac Miller, Baby Keem, Bas, Big Sean"
248,Kina,"['sad lo-fi', 'sad rap']",675356,
249,KitschKrieg,"['german hip hop', 'german pop', 'hamburg hip hop']",169764,"Ufo361, Capital Bra, Bonez MC, Gzuz, Bausa, Dardan, RAF Camora"
250,Kontra K,"['christlicher rap', 'german hip hop']",1848913,"Ufo361, Dardan, RAF Camora, 187 Strassenbande, KC Rebell"
251,Kygo,"['edm', 'pop', 'pop dance', 'tropical house']",7710034,"Galantis, The Chainsmokers, Sam Feldt, Robin Schulz"
252,Kylie Minogue,"['australian dance', 'australian pop', 'dance pop', 'electropop', 'eurodance', 'europop', 'new wave pop', 'pop']",1360151,
253,Labrinth,"['indie poptimism', 'pop']",1722474,"BØRNS, Tom Odell, Madison Beer, The Neighbourhood, WILLOW, Noah Cyrus, Bea Miller"
254,Lady Gaga,"['dance pop', 'pop']",19320868,"Lorde, Miley Cyrus, Katy Perry, MARINA, Ellie Goulding, Kelly Clarkson, Sia, Gwen Stefani, Demi Lovato, Britney Spears"
255,Lana Del Rey,"['art pop', 'pop']",14127051,"BØRNS, Lorde, MARINA, The Neighbourhood, WILLOW, Labrinth"
256,Lauv,"['dance pop', 'electropop', 'pop']",4559510,Tate McRae
257,Lele Pons,"['latin pop', 'viral pop']",831351,"Becky G, ROSALÍA, Natti Natasha"
258,Leona Lewis,"['british soul', 'dance pop', 'europop', 'neo mellow', 'pop', 'post-teen pop', 'talent show', 'urban contemporary']",2951500,Kelly Clarkson
259,Lewis Capaldi,"['pop', 'uk pop']",8657230,"James Arthur, Dean Lewis, JP Saxe"
260,Liam Payne,"['dance pop', 'pop', 'post-teen pop']",8334831,"One Direction, Niall Horan, ZAYN, Shawn Mendes, Harry Styles, Camila Cabello, 5 Seconds of Summer"
261,Lil Baby,"['atl hip hop', 'atl trap', 'rap', 'trap']",8321290,"G Herbo, Roddy Ricch, Gunna, Lil Yachty, 21 Savage, NAV, Pooh Shiesty"
262,Lil Mosey,"['melodic rap', 'rap', 'rap conscient', 'trap', 'vapor trap']",3970785,"Cordae, NAV, Lil Tecca, iann dior, YNW Melly, Tyla Yaweh"
263,Lil Nas X,"['lgbtq+ hip hop', 'pop']",6576617,"Cardi B, Megan Thee Stallion, DaBaby, Cordae, Don Toliver, Jack Harlow, Trevor Daniel, Internet Money, benny blanco, Lil Tecca, Lil Mosey, The Kid LAROI, Tyla Yaweh, Ashnikko"
264,Lil Peep,"['emo rap', 'lgbtq+ hip hop']",7881475,
265,Lil Tecca,"['melodic rap', 'rap', 'trap']",4275478,"Roddy Ricch, Lil Tjay, DaBaby, Cordae, Trippie Redd, Polo G, Internet Money, Lil Mosey, YNW Melly, NAV"
266,Lil Tjay,"['brooklyn drill', 'melodic rap', 'nyc rap']",3862003,"Roddy Ricch, A Boogie Wit da Hoodie, DDG, Lil Tecca, Lil Mosey, YNW Melly, Sleepy Hallow"
267,Lil Uzi Vert,"['melodic rap', 'philly rap', 'rap', 'trap']",12101477,"Trippie Redd, Don Toliver, Lil Yachty, Gunna, NAV, Playboi Carti"
268,Lil Wayne,"['hip hop', 'new orleans rap', 'pop rap', 'rap', 'trap']",10903447,"Meek Mill, French Montana, Big Sean"
269,Lil Yachty,"['atl hip hop', 'hip hop', 'melodic rap', 'rap', 'trap', 'viral rap']",7481566,NAV
270,Linkin Park,"['alternative metal', 'nu metal', 'post-grunge', 'rap metal']",20072933,
271,Little Mix,"['dance pop', 'girl group', 'pop', 'post-teen pop', 'talent show', 'uk pop']",9583377,"ZAYN, Leona Lewis, Camila Cabello, Liam Payne, Demi Lovato"
272,Lizzo,"['dance pop', 'escape room', 'minnesota hip hop', 'pop', 'trap queen']",4122226,"Normani, Saweetie, Megan Thee Stallion, Cardi B"
273,Logic,"['conscious hip hop', 'dmv rap', 'hip hop', 'pop rap', 'rap']",5505659,"Big Sean, G-Eazy, Bas, Joyner Lucas"
274,Lorde,"['art pop', 'dance pop', 'electropop', 'metropopolis', 'nz pop', 'pop']",8389774,"BØRNS, MARINA"
275,Los Legendarios,"['reggaeton', 'trap latino']",47211,Milly
276,Luan Santana,"['sertanejo', 'sertanejo pop', 'sertanejo universitario']",5565362,"Gusttavo Lima, Jorge & Mateus"
277,Luciano,"['canzone napoletana', 'classical tenor', 'italian tenor', 'opera', 'operatic pop']",669436,
278,Luke Combs,"['contemporary country', 'country']",5588175,"Kane Brown, Morgan Wallen, Dan + Shay"
279,Lunay,"['latin', 'latin hip hop', 'latin pop', 'reggaeton', 'reggaeton flow', 'trap latino']",5262623,"Alex Rose, Nio Garcia, Yandel, Myke Towers, Rvssian, Anuel AA, Kevin Roldan, Jhay Cortez, Ozuna, Tainy"
280,Luísa Sonza,"['funk carioca', 'pop nacional']",2069095,"Anitta, PEDRO SAMPAIO"
281,MARINA,"['dance pop', 'electropop', 'metropopolis', 'pop', 'uk alternative pop']",3042038,"Mother Mother, Melanie Martinez"
282,MAX,"['dance pop', 'pop']",4212713,"Bebe Rexha, Mabel, Clean Bandit, Anne-Marie, Sabrina Carpenter, Madison Beer, Ellie Goulding, Camila Cabello"
283,MC Kevin o Chris,"['funk 150 bpm', 'funk carioca']",2788848,"Niack, PEDRO SAMPAIO"
284,MC Zaquin,"['funk bh', 'funk carioca']",163592,Niack
285,MEDUZA,"['edm', 'pop dance', 'pop house', 'tropical house']",450850,"twocolors, Topic, Regard"
286,MYA,"['dance pop', 'hip hop', 'hip pop', 'neo soul', 'pop r&b', 'r&b', 'urban contemporary']",1022115,
287,Mabel,"['dance pop', 'edm', 'pop', 'pop dance', 'post-teen pop', 'tropical house', 'uk pop']",1425814,"Anne-Marie, Ava Max"
288,Mac Miller,"['hip hop', 'pittsburgh rap', 'rap']",6392312,"Childish Gambino, Kid Cudi, BROCKHAMPTON, Kendrick Lamar, Bas"
289,Machine Gun Kelly,"['ohio hip hop', 'pop rap']",4027242,"iann dior, jxdn"
290,Macklemore & Ryan Lewis,"['pop rap', 'seattle hip hop']",2562102,Gym Class Heroes
291,Madame,['otacore'],41432,
292,Madison Beer,"['alt z', 'dance pop', 'electropop', 'pop', 'post-teen pop']",3694140,"Tate McRae, Bazzi, Bea Miller, Camila Cabello"
293,Maes,['modern rock'],322121,
294,Majestic,"['house', 'pop dance', 'uk dance']",34868,
295,Major Lazer,"['dance pop', 'edm', 'electro house', 'moombahton', 'pop', 'pop dance', 'pop rap', 'tropical house']",6242696,"DJ Snake, Galantis"
296,Malu,"['latin', 'reggaeton', 'reggaeton colombiano']",27619842,"Nio Garcia, Manuel Turizo, Piso 21, J Balvin, Sebastian Yatra, Natti Natasha, Cali Y El Dandee, Ozuna, Kevin Roldan"
297,Maluma,"['latin', 'reggaeton', 'reggaeton colombiano']",27619842,"Nio Garcia, Manuel Turizo, Piso 21, J Balvin, Sebastian Yatra, Natti Natasha, Cali Y El Dandee, Ozuna, Kevin Roldan"
298,Manuel Turizo,"['colombian pop', 'latin', 'reggaeton', 'reggaeton colombiano', 'trap latino']",8225523,"Nio Garcia, Rvssian, KAROL G, Piso 21, Wisin, Sebastian Yatra, Ozuna, Lunay"
299,Marc Seguí,['spanish pop'],54509,
300,Mari Fernandez,"['forro', 'sertanejo pop']",28142,"Jonas Esticado, Matheus Fernandes"
301,Mariah Carey,"['dance pop', 'pop', 'r&b', 'urban contemporary']",7054602,
302,Maroon 5,"['pop', 'pop rock']",33154220,"Clean Bandit, Jonas Brothers, Shawn Mendes, Kelly Clarkson, OneRepublic, Jason Derulo, Jason Mraz"
303,Marshmello,"['brostep', 'edm', 'pop', 'pop dance', 'progressive electro house']",32122154,"Kygo, benny blanco, Galantis, The Chainsmokers"
304,Martin Garrix,"['dance pop', 'dutch edm', 'edm', 'pop', 'pop dance', 'progressive house', 'tropical house']",15100642,
305,Masked Wolf,['australian hip hop'],439460,"Arizona Zervas, Tyla Yaweh"
306,Master KG,['south african house'],258653,
307,Matheus Fernandes,['sertanejo pop'],115617,"Jonas Esticado, Mari Fernandez"
308,Matthew Wilder,['new wave pop'],30973,Wham!
309,Matuê,"['r&b brasileiro', 'rap cearense', 'trap brasileiro']",3564903,
310,Mc Davi,"['funk carioca', 'funk ostentacao', 'funk paulista']",2684192,
311,Mc Poze do Rodo,['funk carioca'],668365,Kawe
312,Mc Zaac,"['funk carioca', 'funk pop']",1567313,
313,Meek Mill,"['hip hop', 'philly rap', 'pop rap', 'rap', 'southern hip hop', 'trap']",5417274,"Tory Lanez, French Montana, Big Sean"
314,Megan Thee Stallion,"['houston rap', 'pop', 'trap queen']",5176892,"BIA, Cardi B, Normani"
315,Meghan Trainor,"['dance pop', 'hip pop', 'pop', 'post-teen pop']",10758834,"Becky G, Ariana Grande, Sam Smith, Shawn Mendes, Maroon 5, Selena Gomez, 5 Seconds of Summer"
316,Melanie Martinez,"['alt z', 'electropop', 'pop']",11367462,"Lorde, Mother Mother, MARINA, Halsey, Madison Beer, Conan Gray, Bea Miller"
317,Michael Bublé,"['adult standards', 'canadian pop', 'jazz pop', 'lounge']",4759441,"Nat King Cole, Perry Como, Andy Williams, Tony Bennett, Frank Sinatra, Dean Martin"
318,Michael Jackson,"['pop', 'r&b', 'soul']",19940510,"Stevie Wonder, The Jackson 5, Wham!"
319,Migos,"['atl hip hop', 'pop rap', 'rap', 'trap']",11804241,"Gunna, Lil Yachty, Lil Baby, Lil Uzi Vert, A$AP Ferg, 21 Savage, NAV"
320,Migrantes,['cumbia pop'],125420,
321,Miksu / Macloud,['german hip hop'],32741,"Zuna, KALIM"
322,Miley Cyrus,"['dance pop', 'pop', 'post-teen pop']",16217493,"Jonas Brothers, Kelly Clarkson, Camila Cabello, Selena Gomez, Demi Lovato, Britney Spears"
323,Milly,['boston hip hop'],17511,
324,Mimi Webb,"['alt z', 'pop', 'uk pop']",155615,
325,Money Man,"['memphis hip hop', 'rap', 'southern hip hop', 'trap']",362421,
326,Mora,"['reggaeton', 'trap latino']",177810,"Rvssian, Dímelo Flow, Harry Nach, Tainy"
327,Morgan Wallen,['contemporary country'],2324925,"Luke Combs, Kane Brown, Dan + Shay"
328,Mother Mother,['vancouver indie'],2245283,Beach Bunny
329,Murda,"['canadian hip hop', 'canadian trap']",121451,Lil Yachty
330,Mustard,"['cali rap', 'hip hop', 'pop rap', 'rap', 'southern hip hop', 'trap']",897594,"Ty Dolla $ign, French Montana"
331,Myke Towers,['trap latino'],6714396,"Alex Rose, Nio Garcia, Lunay, Rvssian, Anuel AA, Rauw Alejandro, Jhay Cortez, Kevin Roldan, Dalex"
332,Mykola Dmytrovych Leontovych,"['post-romantic era', 'ukrainian classical']",2421,
333,Måneskin,"['indie rock italiano', 'italian pop']",4124801,"Francesca Michielin, Fedez"
334,NAV,"['canadian hip hop', 'canadian trap', 'hip hop', 'melodic rap', 'pop rap', 'rap', 'toronto rap', 'trap']",2686699,"Don Toliver, Lil Yachty, Gunna, Lil Tecca, 21 Savage"
335,NF,"['hip hop', 'pop rap', 'rap']",6063618,"Arizona Zervas, Joyner Lucas"
336,NLE Choppa,['memphis hip hop'],3551267,DDG
337,Nat King Cole,"['adult standards', 'lounge', 'soul', 'vocal jazz']",1669259,"Andy Williams, Perry Como, Dean Martin, Bing Crosby"
338,Natalie Taylor,[],123256,"Dean Lewis, JP Saxe"
339,Nathan Evans,[],157697,
340,Natti Natasha,"['latin', 'latin pop', 'rap latina', 'reggaeton', 'trap latino']",6617829,"Yandel, Manuel Turizo, KAROL G, Anuel AA, Farruko, Tainy, Justin Quiles, Ozuna, Lunay"
341,Nea,"['scandipop', 'swedish pop']",39310,
342,Nelly Furtado,"['canadian latin', 'canadian pop', 'dance pop', 'pop', 'pop rap']",2773109,"Black Eyed Peas, Kylie Minogue, Justin Timberlake, Gwen Stefani, Britney Spears"
343,Niack,['funk carioca'],356870,
344,Niall Horan,"['dance pop', 'pop', 'post-teen pop']",7763939,"One Direction, Jonas Brothers, Anne-Marie, ZAYN, Shawn Mendes, Harry Styles, Liam Payne, 5 Seconds of Summer"
345,Nicki Minaj,"['dance pop', 'hip pop', 'pop', 'pop rap', 'queens hip hop']",22687291,"BIA, Cardi B, Megan Thee Stallion, Kehlani, Jhené Aiko, Normani"
346,Nicky Jam,"['latin', 'latin hip hop', 'reggaeton', 'trap latino']",15215580,"Jowell & Randy, Arcangel, Yandel, Wisin, Farruko"
347,Ninho,"['french hip hop', 'pop urbaine']",4968828,"Gradur, Maes"
348,Nio Garcia,"['latin', 'reggaeton', 'trap latino']",2320814,"Myke Towers, Manuel Turizo, Rvssian, KAROL G, Anuel AA, Kevin Roldan, Jhay Cortez, Ozuna, Lunay"
349,Nirvana,"['alternative rock', 'grunge', 'permanent wave', 'rock']",13667510,
350,Noah Cyrus,"['alt z', 'dance pop', 'pop', 'post-teen pop']",908250,"JP Saxe, Ashe, Alexander 23, Bea Miller"
351,Normani,"['dance pop', 'pop', 'post-teen pop', 'r&b', 'urban contemporary']",1432371,Kehlani
352,Oasis,"['beatlesque', 'britpop', 'madchester', 'permanent wave', 'rock']",6636197,
353,Octavian,"['afroswing', 'london rap', 'uk alternative hip hop', 'uk hip hop']",216513,
354,Ofenbach,"['edm', 'electro house', 'new french touch', 'pop', 'pop dance', 'tropical house']",442121,"Sam Feldt, Robin Schulz"
355,Olivia Rodrigo,['pop'],8548958,"Tate McRae, Ashe, Niall Horan, Sabrina Carpenter, Madison Beer, Harry Styles, Noah Cyrus, 5 Seconds of Summer, Conan Gray, Mimi Webb"
356,One Direction,"['boy band', 'pop', 'post-teen pop', 'talent show']",23222900,"Jonas Brothers, ZAYN, Niall Horan, Liam Payne, 5 Seconds of Summer, Demi Lovato, Little Mix"
357,OneRepublic,"['dance pop', 'piano rock', 'pop', 'pop rock']",12453027,"James Arthur, Maroon 5, Imagine Dragons"
358,Os Barões Da Pisadinha,"['forro', 'piseiro']",4752502,"Jonas Esticado, Diego & Victor Hugo, Wesley Safadão, Raí Saia Rodada, Tarcísio do Acordeon, Israel & Rodolffo, Hugo & Guilherme"
359,Ozuna,"['latin', 'puerto rican pop', 'reggaeton', 'trap latino']",29792631,"Nio Garcia, Yandel, Manuel Turizo, Lunay, Rvssian, KAROL G, Anuel AA, Kevin Roldan, Bad Bunny, Rauw Alejandro, Jhay Cortez, Tainy"
360,P!nk,"['dance pop', 'pop']",11832929,"Gwen Stefani, Kelly Clarkson, Katy Perry, Leona Lewis"
361,PARTYNEXTDOOR,"['pop', 'pop rap', 'r&b', 'rap', 'toronto rap', 'trap', 'urban contemporary']",3251394,"Jhené Aiko, Tory Lanez, Brent Faiyaz, Bryson Tiller"
362,PEDRO SAMPAIO,['funk carioca'],1086873,"Luísa Sonza, Mc Zaac"
363,PUBLIC,['indie rockism'],169367,BANNERS
364,Pamungkas,['indonesian pop'],1885688,
365,Panic! At The Disco,['modern rock'],10940982,
366,Pashanim,"['german alternative rap', 'german drill', 'german hip hop']",223971,
367,Passenger,"['folk-pop', 'neo mellow', 'pop', 'pop rock']",2845751,Vance Joy
368,Paul McCartney,"['album rock', 'art rock', 'beatlesque', 'classic rock', 'mellow gold', 'rock', 'soft rock']",3680265,"Elton John, The Beach Boys, John Lennon"
369,Peach Tree Rascals,"['alternative r&b', 'chill r&b', 'indie r&b', 'pop']",181606,
370,Pedro Capó,"['latin', 'latin pop', 'puerto rican pop']",1376248,
371,Pentatonix,['a cappella'],3103166,Meghan Trainor
372,Perry Como,"['adult standards', 'brill building pop', 'easy listening', 'lounge', 'vocal jazz']",348345,"Andy Williams, Burl Ives, Brenda Lee"
373,Petter Ferraz,[],14791,Malu
374,Pink Sweat$,"['bedroom soul', 'pop']",1023895,
375,Piso 21,"['colombian pop', 'latin', 'latin pop', 'reggaeton', 'reggaeton colombiano', 'trap latino']",7387364,"Cali Y El Dandee, Manuel Turizo, Sebastian Yatra, Maluma"
376,Playboi Carti,"['atl hip hop', 'plugg', 'rap', 'trap']",5212759,"Don Toliver, Lil Yachty, Gunna, Lil Uzi Vert, 21 Savage, NAV"
377,Polo G,['chicago rap'],5307510,"G Herbo, Roddy Ricch, Lil Tjay, Trippie Redd, Gunna, Internet Money, DDG, Lil Tecca, Lil Mosey, YNW Melly, Sleepy Hallow, NAV"
378,Pooh Shiesty,"['memphis hip hop', 'rap', 'southern hip hop', 'tennessee hip hop', 'trap']",492204,"G Herbo, Money Man"
379,Pop Smoke,['brooklyn drill'],7603097,"Mustard, Roddy Ricch, Lil Tjay, Gunna, Polo G, Internet Money, Lil Baby, DDG, Lil Tecca, Russ Millions, NAV"
380,Post Malone,"['dfw rap', 'melodic rap', 'rap']",34300843,"SAINt JHN, Migos, Internet Money, NAV, French Montana, A$AP Ferg, Lil Mosey, Bazzi, Tyla Yaweh"
381,Powfu,"['pop rap', 'sad rap']",956976,
382,Queen,"['classic rock', 'glam rock', 'rock']",36970216,"Journey, Elton John, John Lennon"
383,RAF Camora,['german hip hop'],1361522,
384,ROSALÍA,['r&b en espanol'],4836778,"Lele Pons, C. Tangana"
385,ROSÉ,"['glam metal', 'hard rock', 'rock']",22028069,AC/DC
386,Rauw Alejandro,"['puerto rican pop', 'trap latino']",6960646,"Alex Rose, Nio Garcia, Myke Towers, Anuel AA, Jhay Cortez, Ozuna, Lunay, Dalex"
387,Raí Saia Rodada,['forro'],1394412,"Jonas Esticado, Matheus Fernandes, Mari Fernandez"
388,Red Velvet,"['k-pop', 'k-pop girl group']",5975786,"Red Velvet - IRENE & SEULGI, TWICE"
389,Red Velvet - IRENE & SEULGI,['k-pop'],434666,
390,Regard,"['dance pop', 'edm', 'pop', 'pop dance', 'pop edm', 'slap house', 'tropical house']",157789,"twocolors, Topic"
391,Reik,"['latin', 'latin arena pop', 'latin pop', 'mexican pop']",6349154,
392,Residente,['venezuelan hip hop'],894835,
393,Rich Music LTD,"['latin', 'reggaeton', 'trap latino']",208178,"Alex Rose, Feid, Milly, Rvssian, Jerry Di, Super Yei, Dímelo Flow, Kevin Roldan, Dalex"
394,Riton,"['dance pop', 'edm', 'house', 'pop dance', 'pop rap', 'tropical house', 'uk dance']",88577,Majestic
395,Ritt Momney,"['bedroom pop', 'indie pop']",102873,
396,Robin Schulz,"['dance pop', 'deep euro house', 'deep house', 'edm', 'german dance', 'pop', 'pop dance', 'tropical house']",2818069,"Sam Feldt, Ofenbach"
397,Rochy RD,"['dembow', 'dominican pop', 'rap dominicano', 'trap latino']",373232,
398,Rod Wave,['florida rap'],2383411,Money Man
399,Roddy Ricch,"['melodic rap', 'rap', 'trap']",6876423,"DaBaby, Gunna, NAV, Lil Baby, Lil Tecca, Lil Mosey, YNW Melly, Tyla Yaweh"
400,Rusherking,"['trap argentino', 'trap latino', 'trap triste']",395901,Tiago PZK
401,Russ Millions,[],212290,Tion Wayne
402,Rvssian,"['latin', 'latin hip hop', 'reggaeton', 'reggaeton flow', 'trap latino']",1460740,"Alex Rose, Nio Garcia, Lunay, Anuel AA, Kevin Roldan"
403,S1mba,['afroswing'],49384,
404,SAINt JHN,"['melodic rap', 'pop rap', 'rap', 'slap house', 'trap']",761213,"NAV, Tyla Yaweh"
405,SHAED,"['electropop', 'pop']",142958,
406,SZA,"['pop', 'r&b', 'rap']",6239998,"Kali Uchis, Jhené Aiko, Kehlani, H.E.R."
407,Sabrina Carpenter,"['alt z', 'dance pop', 'electropop', 'pop', 'post-teen pop', 'viral pop']",3780233,"Madison Beer, Demi Lovato, Bea Miller, Camila Cabello"
408,Sam Feldt,"['dance pop', 'edm', 'electro house', 'pop', 'pop dance', 'pop edm', 'tropical house']",651578,
409,Sam Fischer,"['alt z', 'australian pop', 'dance pop', 'pop']",131572,JP Saxe
410,Sam Smith,"['dance pop', 'pop', 'uk pop']",17604066,"Lewis Capaldi, Dean Lewis, ZAYN, Niall Horan, James Arthur, Ellie Goulding, John Legend, Sam Fischer"
411,Samra,['german hip hop'],1066892,Zuna
412,Sara Kays,"['alt z', 'indie pop', 'modern indie pop', 'pop', 'social media pop']",263471,Alexander 23
413,Sarah Cothran,[],206915,"Ashe, Sara Kays"
414,Saweetie,"['cali rap', 'dance pop', 'pop', 'trap queen']",1323464,"BIA, Megan Thee Stallion"
415,Sebastian Yatra,"['colombian pop', 'latin', 'reggaeton', 'reggaeton colombiano']",16622599,"Nio Garcia, Manuel Turizo, KAROL G, Piso 21, Camilo"
416,Sech,"['latin', 'panamanian pop', 'reggaeton', 'trap latino']",9184915,"Arcangel, Nio Garcia, Yandel, Manuel Turizo, Myke Towers, Lunay, Rvssian, Wisin, Anuel AA, Kevin Roldan, Jhay Cortez, Ozuna, Tainy"
417,Selena Gomez,"['dance pop', 'pop', 'post-teen pop']",30117217,"Miley Cyrus, ZAYN, Sabrina Carpenter, Halsey, Madison Beer, Camila Cabello, Demi Lovato, Bea Miller"
418,Sfera Ebbasta,"['italian hip hop', 'italian pop', 'trap italiana']",4500534,
419,Shablo,['italian hip hop'],41955,
420,Shakin' Stevens,"['new wave pop', 'rock-and-roll', 'rockabilly', 'soft rock']",101652,
421,Shakira,"['colombian pop', 'dance pop', 'latin', 'latin pop', 'pop']",22417609,
422,Shawn Mendes,"['canadian pop', 'dance pop', 'pop', 'viral pop']",34661710,"Meghan Trainor, ZAYN, Niall Horan, Camila Cabello, Selena Gomez, Liam Payne, 5 Seconds of Summer, Demi Lovato, Bazzi"
423,Shirin David,"['frauenrap', 'german hip hop', 'german pop']",593725,"Juju, Dardan, Miksu / Macloud, Zuna"
424,Shiva,"['indie garage rock', 'portland indie']",21397,
425,Shouse,['aussietronica'],40277,
426,Sia,"['australian dance', 'australian pop', 'dance pop', 'pop']",21034227,"Adele, Bebe Rexha, Lorde, Clean Bandit, Anne-Marie, Lady Gaga, Halsey, Ellie Goulding, Ava Max"
427,Sleepy Hallow,"['brooklyn drill', 'nyc rap']",519711,DDG
428,Smiley,"['canadian hip hop', 'toronto rap']",19656,
429,Soso Maness,"['french hip hop', 'pop urbaine', 'rap francais', 'rap marseille']",318767,
430,StarBoi3,[],20050,"BIA, Bebe Rexha, Anne-Marie, Saweetie, Erica Banks, Normani"
431,StaySolidRocky,['melodic rap'],152950,"Internet Money, Arizona Zervas, Lil Mosey"
432,Stevie Wonder,"['funk', 'indie r&b', 'motown', 'quiet storm', 'soul']",5270315,
433,Stormzy,"['grime', 'uk hip hop']",2354928,Octavian
434,Studio Killers,[],185003,
435,Sub Urban,['modern indie pop'],998147,
436,Super Yei,"['latin', 'reggaeton', 'reggaeton flow', 'trap latino']",298430,
437,Surf Curse,"['dreamo', 'indie pop', 'indie surf', 'surf punk', 'vegas indie']",549200,
438,Surf Mesa,['tropical house'],137575,"twocolors, Topic"
439,Surfaces,"['bedroom soul', 'pop']",753967,Peach Tree Rascals
440,THE SCOTTS,[],180463,
441,TINI,"['latin pop', 'pop argentino']",3171723,"Migrantes, MYA, Emilia"
442,TOKYO’S REVENGE,"['meme rap', 'sad rap', 'vapor trap', 'viral rap']",330429,
443,TOMORROW X TOGETHER,"['k-pop', 'k-pop boy group']",4592642,
444,TWICE,"['k-pop', 'k-pop girl group']",10708592,"Red Velvet, BLACKPINK"
445,Tainy,"['latin', 'latin hip hop', 'latin pop', 'pop reggaeton', 'reggaeton', 'reggaeton flow', 'trap latino']",568918,"Jowell & Randy, Arcangel, Yandel, Rvssian, Wisin, Jhay Cortez, Lunay"
446,Tame Impala,"['australian psych', 'neo-psychedelic']",5153574,
447,Tarcísio do Acordeon,[],1441903,"Jonas Esticado, Matheus Fernandes, Raí Saia Rodada, Mari Fernandez"
448,Tate McRae,"['alt z', 'dance pop', 'pop', 'post-teen pop']",1799545,"Alexander 23, Alec Benjamin, Ashe, Madison Beer, Bea Miller"
449,Taylor Swift,['pop'],43640194,"Lorde, Miley Cyrus, Meghan Trainor, Jonas Brothers, ZAYN, Niall Horan, Halsey, Harry Styles, Kelly Clarkson, Camila Cabello, Selena Gomez, Demi Lovato"
450,The 1975,"['modern alternative rock', 'modern rock', 'pop', 'rock']",5127711,Wallows
451,The Beach Boys,"['baroque pop', 'brill building pop', 'classic rock', 'psychedelic rock', 'rock', 'sunshine pop']",3318770,
452,The Chainsmokers,"['dance pop', 'edm', 'electropop', 'pop', 'pop dance', 'tropical house']",18408203,"Martin Garrix, Kygo, benny blanco, Galantis, Marshmello, Calvin Harris"
453,The Jackson 5,"['motown', 'soul']",1169868,Stevie Wonder
454,The Kid LAROI,['australian hip hop'],2606669,"Roddy Ricch, Trippie Redd, Lil Tjay, Cordae, Polo G, Internet Money, benny blanco, Lil Tecca, Lil Uzi Vert, Lil Mosey, iann dior, YNW Melly, NAV"
455,The Killers,"['alternative rock', 'dance rock', 'modern rock', 'permanent wave', 'rock']",6214261,
456,The Neighbourhood,"['modern alternative rock', 'modern rock', 'pop']",6992004,"Mother Mother, Surf Curse, Melanie Martinez, Wallows, Clairo, Conan Gray"
457,The Pogues,"['celtic', 'celtic punk', 'celtic rock', 'folk punk', 'irish folk', 'punk']",389310,
458,The Police,"['album rock', 'art rock', 'classic rock', 'mellow gold', 'new wave', 'permanent wave', 'rock', 'soft rock']",4451404,
459,The Ronettes,"['brill building pop', 'classic girl group', 'motown', 'rock-and-roll', 'soul']",182918,Darlene Love
460,The Weeknd,"['canadian contemporary r&b', 'canadian pop', 'pop']",37058135,"SZA, PARTYNEXTDOOR, Travis Scott, Don Toliver, Childish Gambino, French Montana, Jhené Aiko, Bryson Tiller, Kendrick Lamar, Ty Dolla $ign, Big Sean, Belly"
461,Thiaguinho MT,"['brega funk', 'funk carioca']",28479,"Dadá Boladão, Niack, Mc Zaac"
462,Tiago PZK,['trap argentino'],552372,Rusherking
463,Tion Wayne,['london rap'],373472,Headie One
464,Tiësto,"['big room', 'brostep', 'dance pop', 'dutch edm', 'edm', 'house', 'pop', 'pop dance', 'slap house', 'trance', 'tropical house']",5914054,Martin Garrix
465,Tom Grennan,"['modern rock', 'uk pop']",276714,BANNERS
466,Tom Odell,"['chill pop', 'pop']",1888351,"Hozier, Vance Joy, Passenger"
467,Tones And I,"['australian pop', 'pop']",2863391,"Sam Feldt, Sam Fischer, Zoe Wees"
468,Tony Bennett,"['adult standards', 'easy listening', 'lounge', 'vocal jazz']",675400,Perry Como
469,Topic,"['dance pop', 'edm', 'electro house', 'german dance', 'pop dance', 'pop edm', 'tropical house']",156782,"twocolors, Regard"
470,Tory Lanez,"['canadian hip hop', 'canadian trap', 'hip hop', 'melodic rap', 'pop rap', 'r&b', 'rap', 'toronto rap', 'trap']",3914569,"Ty Dolla $ign, PARTYNEXTDOOR, Tyga, French Montana, Bryson Tiller, Meek Mill"
471,Travis Scott,"['rap', 'slap house']",18452405,"Migos, Gunna, Childish Gambino, Lil Uzi Vert, A$AP Ferg, Kendrick Lamar, Meek Mill, Playboi Carti"
472,Trevor Daniel,"['alternative r&b', 'melodic rap', 'pop', 'pop rap']",645237,"Arizona Zervas, Tyla Yaweh, blackbear"
473,Trinidad Cardona,[],114860,"Bryson Tiller, H.E.R., PARTYNEXTDOOR, Kehlani, Brent Faiyaz, Vedo"
474,Trio Vegabajeño,"['musica jibara', 'puerto rican folk']",9326,
475,Trippie Redd,"['melodic rap', 'rap', 'trap']",6687646,"Cordae, Gunna, Lil Yachty, Polo G, Internet Money, Lil Tecca, Lil Uzi Vert, Lil Mosey, YNW Melly, NAV"
476,Trueno,"['argentine hip hop', 'bases de freestyle', 'trap argentino', 'trap latino']",2320499,"Bizarrap, KHEA"
477,Twenty One Pilots,"['modern rock', 'rock']",21169100,Panic! At The Disco
478,Ty Dolla $ign,"['hip hop', 'pop', 'pop rap', 'r&b', 'trap', 'trap soul']",3931489,"Mustard, PARTYNEXTDOOR, French Montana, K CAMP, Tory Lanez, Tyla Yaweh"
479,Tyga,"['dance pop', 'hip hop', 'pop rap', 'rap', 'southern hip hop', 'trap']",6342673,"Ty Dolla $ign, French Montana, DJ Khaled, Meek Mill, Tory Lanez, Big Sean"
480,Tyla Yaweh,"['cali rap', 'melodic rap', 'pop rap', 'rap', 'trap']",376464,"SAINt JHN, Arizona Zervas, NAV, Lil Mosey"
481,Tyler,"['hip hop', 'rap']",7055307,"BROCKHAMPTON, Childish Gambino"
482,Ufo361,"['german cloud rap', 'german hip hop']",1720311,"Zuna, Bausa, Dardan, 187 Strassenbande, KitschKrieg, KC Rebell"
483,VIZE,"['dance pop', 'edm', 'german dance', 'pop dance', 'slap house', 'tropical house']",147875,
484,Vance Joy,"['folk-pop', 'modern rock', 'pop', 'pop rock']",2457266,"Hozier, Tom Odell"
485,Vedo,"['pop r&b', 'r&b']",275901,
486,Vegedream,"['francoton', 'pop urbaine']",1255123,"Gradur, Aya Nakamura"
487,Vicetone,"['edm', 'electro house', 'pop dance', 'pop edm', 'progressive electro house', 'tropical house']",383704,
488,WILLOW,"['afrofuturism', 'dance pop', 'electropop', 'pop', 'post-teen pop']",1690339,"Kali Uchis, SZA"
489,Walker Hayes,"['contemporary country', 'country', 'country road', 'modern country rock']",331058,Brett Eldredge
490,Wallows,"['indie pop', 'modern rock', 'pop']",2027184,Conan Gray
491,Wesley Safadão,['forro'],10112904,"Jonas Esticado, Diego & Victor Hugo"
492,Wham!,"['disco', 'europop', 'mellow gold', 'new romantic', 'new wave', 'new wave pop', 'soft rock', 'synthpop']",1682114,
493,WhoHeem,['viral rap'],25991,
494,Wisin,"['latin', 'latin hip hop', 'reggaeton', 'trap latino']",7084249,"Jowell & Randy, Arcangel, Nicky Jam, Yandel, Farruko"
495,XXXTENTACION,"['emo rap', 'miami hip hop']",30994065,"Trippie Redd, Lil Yachty, Internet Money, A Boogie Wit da Hoodie, Lil Uzi Vert, iann dior"
496,Y2K,['pop rap'],271832,
497,YNW Melly,"['melodic rap', 'trap']",6577900,"Roddy Ricch, DaBaby, Cordae, Lil Yachty, A Boogie Wit da Hoodie, Lil Tecca, Lil Mosey, NAV"
498,Yandel,"['latin', 'latin hip hop', 'reggaeton', 'reggaeton flow', 'trap latino']",5293485,"Wisin, Jowell & Randy, Nicky Jam, Arcangel"
499,Young Stoner Life,"['rap', 'trap']",62765,"Gunna, Lil Yachty"
500,ZAYN,"['dance pop', 'pop', 'post-teen pop', 'uk pop']",17296921,"One Direction, Niall Horan, Shawn Mendes, Halsey, Harry Styles, Camila Cabello, Selena Gomez, Liam Payne, 5 Seconds of Summer, Bazzi"
501,Zoe Wees,['german pop'],232086,"Sam Fischer, Mimi Webb, Nea"
502,Zuna,"['albanian hip hop', 'german hip hop']",911193,Dardan
503,a-ha,"['album rock', 'classic rock', 'mellow gold', 'rock', 'soft rock', 'yacht rock']",1596491,
504,benny blanco,"['electropop', 'pop', 'pop rap']",824734,"Bazzi, Internet Money, Arizona Zervas, Trevor Daniel"
505,blackbear,"['pop', 'pop rap']",4381561,"benny blanco, iann dior, Trevor Daniel, jxdn"
506,dhruv,"['chill r&b', 'nyc pop']",117186,
507,iann dior,"['melodic rap', 'pop rap']",1342876,"Internet Money, Lil Mosey, 24kGoldn, Arizona Zervas, jxdn, Tyla Yaweh"
508,jxdn,"['pop', 'pop rap']",839963,iann dior
509,salem ilese,"['alt z', 'modern indie pop', 'social media pop']",142585,
510,sangiovanni,[],448108,"Madame, BLANCO"
511,twocolors,"['edm', 'pop dance', 'pop edm', 'tropical house']",38952,Topic
